Timestamp,PM2.5 (µg/m³),PM10 (µg/m³),NO (µg/m³),NO2 (µg/m³),NOx (ppb),NH3 (µg/m³),SO2 (µg/m³),CO (mg/m³),Ozone (µg/m³),Benzene (µg/m³),Toluene (µg/m³),Xylene (µg/m³),O Xylene (µg/m³),Eth-Benzene (µg/m³),MP-Xylene (µg/m³),AT (°C),RH (%),WS (m/s),WD (deg),RF (mm),TOT-RF (mm),SR (W/mt2),BP (mmHg),VWS (m/s)
2025-01-01 00:00:00,54.78,128.04,11.58,7.38,13.82,31.86,11.91,0.58,13.97,7.04,NA,NA,NA,NA,NA,NA,72.73,0.81,282.99,NA,NA,103.95,752.50,0.37
2025-01-02 00:00:00,71.83,189.24,11.43,5.77,12.93,26.46,12.38,0.43,13.25,7.61,NA,NA,NA,NA,NA,NA,82.60,0.75,259.82,NA,NA,145.72,752.21,0.32
2025-01-03 00:00:00,74.03,203.83,13.06,8.54,14.03,14.74,10.75,0.51,24.95,7.09,NA,NA,NA,NA,NA,NA,86.25,0.82,226.17,NA,NA,112.40,751.90,0.27
2025-01-04 00:00:00,88.86,216.91,30.52,25.99,27.64,15.85,10.74,0.42,24.91,7.07,NA,NA,NA,NA,NA,NA,90.26,1.04,117.70,NA,NA,126.28,750.65,-0.02
2025-01-05 00:00:00,67.33,189.67,30.74,25.36,27.33,15.07,10.76,0.45,24.86,7.02,NA,NA,NA,NA,NA,NA,95.62,0.94,139.71,NA,NA,86.27,750.52,-0.17
2025-01-06 00:00:00,71.05,180.57,24.22,18.67,26.42,14.62,11.29,0.38,24.90,7.05,NA,NA,NA,NA,NA,NA,93.49,0.76,200.87,NA,NA,138.73,749.69,-1.67
2025-01-07 00:00:00,96.46,152.24,17.25,6.61,26.58,15.22,10.79,0.42,24.90,7.06,NA,NA,NA,NA,NA,NA,95.43,0.94,252.46,NA,NA,86.21,750.56,-0.14
2025-01-08 00:00:00,84.49,148.20,23.47,22.82,21.07,15.53,10.74,0.49,24.96,7.09,NA,NA,NA,NA,NA,NA,81.06,1.02,214.65,NA,NA,113.04,749.49,0.55
2025-01-09 00:00:00,114.94,270.86,22.78,29.46,25.78,35.33,10.79,0.66,25.40,7.06,NA,NA,NA,NA,NA,NA,81.49,0.91,187.48,NA,NA,134.05,752.75,0.10
2025-01-10 00:00:00,148.38,317.55,20.20,36.17,36.69,47.33,10.72,0.56,24.71,7.05,NA,NA,NA,NA,NA,NA,78.48,0.80,179.13,NA,NA,157.72,754.44,-0.02
2025-01-11 00:00:00,149.88,347.56,20.20,36.07,36.70,47.55,11.45,0.46,24.94,7.07,NA,NA,NA,NA,NA,NA,73.91,1.53,93.46,NA,NA,161.10,752.59,0.77
2025-01-12 00:00:00,103.93,191.42,20.14,36.20,36.40,47.09,10.81,0.44,24.36,7.06,NA,NA,NA,NA,NA,NA,80.86,1.37,112.05,NA,NA,119.77,751.97,0.87
2025-01-13 00:00:00,96.91,179.33,20.23,36.09,36.60,47.54,10.77,0.52,24.98,7.06,NA,NA,NA,NA,NA,NA,89.30,1.07,178.93,NA,NA,152.17,751.01,0.05
2025-01-14 00:00:00,97.37,142.17,30.13,25.65,28.87,23.41,11.19,0.60,22.41,7.14,NA,NA,NA,NA,NA,NA,89.19,1.01,178.34,NA,NA,141.39,752.55,-0.68
2025-01-15 00:00:00,98.86,159.45,20.17,37.25,36.41,47.22,3.48,0.44,24.51,7.09,NA,NA,NA,NA,NA,NA,91.49,0.98,156.33,NA,NA,158.91,755.62,-0.13
2025-01-16 00:00:00,94.64,159.18,20.25,37.09,36.37,47.42,4.70,0.51,24.88,7.07,NA,NA,NA,NA,NA,NA,89.08,0.88,185.13,NA,NA,141.48,754.96,0.81
2025-01-17 00:00:00,73.90,111.32,20.21,37.06,36.41,47.33,4.73,0.50,24.96,7.10,NA,NA,NA,NA,NA,NA,75.28,0.84,210.82,NA,NA,203.18,752.77,-0.11
2025-01-18 00:00:00,70.22,116.75,20.24,36.97,36.54,46.95,3.50,0.54,24.92,7.06,NA,NA,NA,NA,NA,NA,91.39,0.98,197.92,NA,NA,135.94,750.72,0.02
2025-01-19 00:00:00,61.73,104.07,20.28,37.11,36.22,47.38,6.00,0.50,35.75,7.04,NA,NA,NA,NA,NA,NA,76.19,0.92,199.52,NA,NA,208.20,750.39,-0.42
2025-01-20 00:00:00,79.35,124.09,20.23,37.11,36.45,47.57,4.61,0.47,41.79,7.07,NA,NA,NA,NA,NA,NA,73.71,1.04,200.08,NA,NA,162.72,746.25,0.43
2025-01-21 00:00:00,94.19,140.00,26.61,33.66,39.31,31.93,5.69,0.50,41.78,7.04,NA,NA,NA,NA,NA,NA,70.25,1.02,203.98,NA,NA,156.65,745.52,0.48
2025-01-22 00:00:00,104.17,160.32,20.31,46.57,51.19,47.54,6.80,0.60,41.81,7.07,NA,NA,NA,NA,NA,NA,64.12,0.85,217.13,NA,NA,169.20,746.32,0.46
2025-01-23 00:00:00,109.08,187.38,19.14,40.26,46.94,47.19,3.93,0.42,41.90,7.11,NA,NA,NA,NA,NA,NA,76.85,0.78,170.33,NA,NA,165.77,747.52,0.05
2025-01-24 00:00:00,89.73,121.77,20.32,36.21,46.56,47.54,4.53,0.48,41.85,7.07,NA,NA,NA,NA,NA,NA,57.60,0.97,224.89,NA,NA,164.09,747.05,0.64
2025-01-25 00:00:00,79.63,111.11,20.06,33.57,45.78,46.92,4.04,0.55,41.89,7.05,NA,NA,NA,NA,NA,NA,47.90,1.05,235.54,NA,NA,162.23,747.44,0.65
2025-01-26 00:00:00,89.00,124.92,17.83,35.83,36.45,47.03,4.94,0.52,41.75,7.05,NA,NA,NA,NA,NA,NA,46.66,0.84,249.44,NA,NA,153.97,747.53,0.54
2025-01-27 00:00:00,109.53,168.38,16.37,34.37,36.29,46.83,4.67,0.54,30.86,7.24,NA,NA,NA,NA,NA,NA,56.96,0.92,219.56,NA,NA,155.61,745.68,0.44
2025-01-28 00:00:00,115.11,214.22,18.54,34.73,36.43,47.41,7.68,0.58,24.86,7.04,NA,NA,NA,NA,NA,NA,57.68,0.69,171.36,NA,NA,150.96,746.07,0.28
2025-01-29 00:00:00,145.20,322.52,28.09,46.50,36.45,47.70,9.58,0.56,24.89,7.05,NA,NA,NA,NA,NA,NA,64.04,1.09,158.38,NA,NA,155.62,748.23,0.63
2025-01-30 00:00:00,125.26,307.37,31.48,49.61,36.31,56.14,9.99,0.44,24.88,7.07,NA,NA,NA,NA,NA,NA,62.45,0.78,203.34,NA,NA,156.69,743.81,0.25
2025-01-31 00:00:00,110.67,298.70,26.59,44.18,35.34,53.56,12.74,0.61,17.43,7.70,NA,NA,NA,NA,NA,NA,68.86,0.79,175.25,NA,NA,159.46,744.00,0.23
2025-02-01 00:00:00,95.61,281.46,35.25,51.18,36.35,46.97,14.31,0.45,24.84,7.03,NA,NA,NA,NA,NA,NA,56.53,0.89,160.95,NA,NA,160.34,745.58,0.52
2025-02-02 00:00:00,86.13,171.00,34.73,50.47,36.50,47.72,4.04,0.41,24.92,7.10,NA,NA,NA,NA,NA,NA,51.30,0.67,163.62,NA,NA,155.57,746.52,0.09
2025-02-03 00:00:00,99.22,141.28,30.42,44.38,36.66,48.08,3.94,0.55,24.72,7.00,NA,NA,NA,NA,NA,NA,52.62,0.61,204.47,NA,NA,155.15,746.47,0.49
2025-02-04 00:00:00,83.07,155.61,29.68,48.79,44.74,47.69,6.10,0.53,24.90,7.05,NA,NA,NA,NA,NA,NA,50.65,0.58,174.22,NA,NA,164.64,747.12,0.30
2025-02-05 00:00:00,63.49,138.63,25.27,46.23,51.60,47.49,5.16,0.41,24.85,7.04,NA,NA,NA,NA,NA,NA,54.88,0.48,142.50,NA,NA,152.16,745.71,0.67
2025-02-06 00:00:00,57.80,97.14,19.87,35.17,41.55,41.62,4.02,0.54,18.31,7.00,NA,NA,NA,NA,NA,NA,41.30,0.58,215.92,NA,NA,159.03,748.11,0.36
2025-02-07 00:00:00,63.78,118.81,18.88,36.94,36.60,47.62,4.51,0.49,24.83,7.00,NA,NA,NA,NA,NA,NA,41.39,1.08,323.13,NA,NA,168.09,744.54,0.87
2025-02-08 00:00:00,57.80,114.27,30.50,51.39,36.29,47.43,6.68,0.46,24.98,7.07,NA,NA,NA,NA,NA,NA,42.16,0.97,293.80,NA,NA,169.28,747.88,0.60
2025-02-09 00:00:00,60.48,128.71,30.51,51.32,36.43,47.11,4.37,0.52,24.33,7.09,NA,NA,NA,NA,NA,NA,44.49,0.80,249.88,NA,NA,174.95,746.79,0.37
2025-02-10 00:00:00,76.18,163.33,18.42,48.34,36.44,47.82,6.53,0.46,25.10,7.02,NA,NA,NA,NA,NA,NA,45.26,0.84,251.30,NA,NA,172.64,746.58,0.34
2025-02-11 00:00:00,62.65,145.55,22.54,46.17,36.33,47.60,4.35,0.45,24.94,7.02,NA,NA,NA,NA,NA,NA,46.58,0.83,248.41,NA,NA,163.49,745.18,0.59
2025-02-12 00:00:00,86.47,132.82,30.94,52.96,36.45,47.87,3.92,0.49,24.88,7.02,NA,NA,NA,NA,NA,NA,52.41,0.71,249.98,NA,NA,150.92,744.96,0.61
2025-02-13 00:00:00,65.40,122.18,28.22,47.21,36.60,47.39,4.54,0.58,25.00,7.11,NA,NA,NA,NA,NA,NA,35.84,0.82,304.81,NA,NA,165.11,745.40,1.06
2025-02-14 00:00:00,56.60,113.08,26.18,43.13,36.47,47.54,4.90,0.48,24.90,7.05,NA,NA,NA,NA,NA,NA,33.33,1.05,322.14,NA,NA,171.00,744.36,0.86
2025-02-15 00:00:00,69.12,134.79,26.18,43.28,36.43,47.91,5.01,0.52,24.90,7.07,NA,NA,NA,NA,NA,NA,38.20,1.00,218.19,NA,NA,160.22,743.72,0.66
2025-02-16 00:00:00,96.76,205.67,26.21,43.17,36.58,47.42,8.39,0.65,24.92,7.07,NA,NA,NA,NA,NA,NA,46.76,0.82,131.37,NA,NA,165.09,744.69,0.46
2025-02-17 00:00:00,129.31,240.13,26.22,43.24,36.44,47.15,7.02,0.57,24.90,7.07,NA,NA,NA,NA,NA,NA,52.33,0.95,149.08,NA,NA,148.51,748.07,0.64
2025-02-18 00:00:00,109.57,169.47,19.70,36.44,36.34,46.98,4.26,0.39,21.37,7.45,NA,NA,NA,NA,NA,NA,52.81,0.81,226.77,NA,NA,137.49,747.06,0.54
2025-02-19 00:00:00,85.86,154.90,26.32,46.77,36.33,48.95,5.75,0.64,24.83,7.07,NA,NA,NA,NA,NA,NA,51.41,0.70,197.17,NA,NA,180.16,745.82,0.56
2025-02-20 00:00:00,105.32,186.09,26.01,46.84,36.32,47.53,5.74,0.48,24.82,7.09,NA,NA,NA,NA,NA,NA,44.24,1.26,128.34,NA,NA,94.02,747.30,0.83
2025-02-21 00:00:00,79.38,164.65,28.77,49.73,36.57,47.89,6.19,0.50,25.03,7.05,NA,NA,NA,NA,NA,NA,47.69,0.79,145.80,NA,NA,170.67,748.05,0.63
2025-02-22 00:00:00,65.90,137.07,30.48,51.51,36.16,47.43,4.84,0.44,24.93,7.08,NA,NA,NA,NA,NA,NA,50.19,0.68,190.19,NA,NA,171.84,748.44,0.63
2025-02-23 00:00:00,63.31,114.96,30.46,51.60,36.50,47.02,4.54,0.51,24.89,7.07,NA,NA,NA,NA,NA,NA,52.29,0.77,246.68,NA,NA,183.01,750.21,0.73
2025-02-24 00:00:00,68.99,132.59,30.40,51.30,36.48,47.85,5.68,0.41,24.88,7.06,NA,NA,NA,NA,NA,NA,48.71,0.83,223.25,NA,NA,176.21,751.26,0.68
2025-02-25 00:00:00,64.83,133.17,30.43,51.58,36.45,47.97,6.02,0.51,24.91,7.07,NA,NA,NA,NA,NA,NA,46.83,0.81,255.81,NA,NA,178.08,752.24,0.58
2025-02-26 00:00:00,99.61,171.40,30.56,51.75,36.52,48.02,7.56,0.48,24.69,7.03,NA,NA,NA,NA,NA,NA,51.01,0.92,234.73,NA,NA,137.43,752.28,0.60
2025-02-27 00:00:00,83.24,157.02,30.47,51.47,36.49,47.08,5.16,0.47,22.08,7.18,NA,NA,NA,NA,NA,NA,56.96,0.79,211.81,NA,NA,166.77,748.58,0.55
2025-02-28 00:00:00,97.81,192.32,22.49,41.09,36.20,45.26,6.31,0.46,19.70,7.02,NA,NA,NA,NA,NA,NA,58.75,1.76,139.25,NA,NA,131.07,744.88,1.71
2025-03-01 00:00:00,63.19,157.27,10.23,26.19,36.65,47.42,4.78,0.52,24.20,7.00,NA,NA,NA,NA,NA,NA,58.70,1.46,131.99,NA,NA,152.51,744.45,1.24
2025-03-02 00:00:00,25.37,83.97,10.28,26.22,36.34,47.48,4.74,0.45,24.48,7.04,NA,NA,NA,NA,NA,NA,44.69,0.44,166.09,NA,NA,179.45,742.25,0.59
2025-03-03 00:00:00,43.11,100.20,10.20,26.23,36.19,48.07,4.75,0.46,25.07,7.01,NA,NA,NA,NA,NA,NA,36.09,0.93,272.56,NA,NA,190.11,743.42,0.92
2025-03-04 00:00:00,51.40,130.99,10.19,26.12,36.44,47.63,5.36,0.49,24.91,7.06,NA,NA,NA,NA,NA,NA,33.97,0.69,229.50,NA,NA,177.46,743.25,0.85
2025-03-05 00:00:00,49.22,139.06,10.24,26.22,36.62,47.97,4.80,0.55,24.88,7.06,NA,NA,NA,NA,NA,NA,41.30,0.96,324.19,NA,NA,188.19,743.61,1.00
2025-03-06 00:00:00,46.67,109.83,10.14,26.02,36.53,47.33,6.15,0.55,24.92,7.06,NA,NA,NA,NA,NA,NA,34.52,0.93,285.20,NA,NA,192.31,744.03,0.82
2025-03-07 00:00:00,52.17,137.75,10.23,35.92,36.48,47.25,4.57,0.53,24.59,7.13,NA,NA,NA,NA,NA,NA,34.17,0.92,277.54,NA,NA,198.37,742.35,0.50
2025-03-08 00:00:00,57.88,173.54,10.33,45.09,36.52,47.65,7.10,0.55,25.01,7.04,NA,NA,NA,NA,NA,NA,35.44,0.82,192.21,NA,NA,193.31,740.54,0.61
2025-03-09 00:00:00,66.34,178.39,9.99,44.95,36.36,45.25,7.57,0.71,26.00,7.03,NA,NA,NA,NA,NA,NA,37.29,1.02,229.66,NA,NA,180.13,745.50,0.75
2025-03-10 00:00:00,83.64,184.13,10.38,43.14,37.11,45.81,5.54,0.46,19.62,6.78,NA,NA,NA,NA,NA,NA,38.62,1.33,169.62,NA,NA,132.54,749.06,1.12
2025-03-11 00:00:00,92.13,215.13,10.15,41.88,36.28,46.84,6.71,0.45,24.83,7.16,NA,NA,NA,NA,NA,NA,43.18,0.90,193.35,NA,NA,182.85,745.92,0.77
2025-03-12 00:00:00,59.76,153.93,10.22,41.92,36.26,47.58,4.27,0.53,24.87,7.07,NA,NA,NA,NA,NA,NA,38.45,0.72,139.48,NA,NA,179.42,739.80,0.60
2025-03-13 00:00:00,53.10,131.75,10.28,41.80,36.34,47.27,6.17,0.44,24.73,7.08,NA,NA,NA,NA,NA,NA,40.10,0.72,163.92,NA,NA,147.67,738.48,0.63
2025-03-14 00:00:00,47.96,109.90,10.14,41.85,36.35,47.11,4.81,0.47,24.80,7.07,NA,NA,NA,NA,NA,NA,38.12,0.74,184.87,NA,NA,197.30,740.05,0.70
2025-03-15 00:00:00,43.95,114.13,10.22,41.74,36.45,47.43,6.96,0.52,24.87,7.04,NA,NA,NA,NA,NA,NA,35.86,0.81,172.51,NA,NA,191.27,741.49,0.72
2025-03-16 00:00:00,43.07,108.23,10.27,41.82,36.51,47.46,5.10,0.43,24.90,7.06,NA,NA,NA,NA,NA,NA,28.84,0.81,121.89,NA,NA,216.16,741.06,0.80
2025-03-17 00:00:00,29.15,59.24,10.19,42.03,36.30,47.37,5.50,0.51,24.91,7.10,NA,NA,NA,NA,NA,NA,35.88,0.37,116.16,NA,NA,220.64,742.83,0.64
2025-03-18 00:00:00,37.10,83.49,10.21,41.94,36.51,47.54,5.72,0.47,24.92,7.05,NA,NA,NA,NA,NA,NA,33.29,0.90,161.11,NA,NA,236.06,743.85,0.89
2025-03-19 00:00:00,46.25,95.05,10.25,41.89,36.45,47.51,6.19,0.54,24.84,7.00,NA,NA,NA,NA,NA,NA,28.23,0.84,101.12,NA,NA,240.11,745.39,0.69
2025-03-20 00:00:00,53.53,162.36,10.25,41.79,36.62,47.50,15.05,0.48,25.20,7.05,NA,NA,NA,NA,NA,NA,26.29,0.69,176.87,NA,NA,220.65,745.95,0.59
2025-03-21 00:00:00,46.83,105.21,10.09,41.78,36.51,47.28,5.60,0.50,24.31,7.07,NA,NA,NA,NA,NA,NA,21.78,0.61,161.16,NA,NA,225.18,744.84,0.68
2025-03-22 00:00:00,52.92,125.72,10.17,41.73,36.33,47.42,5.21,0.43,25.04,7.06,NA,NA,NA,NA,NA,NA,24.65,0.79,201.76,NA,NA,215.53,745.20,0.77
2025-03-23 00:00:00,63.95,126.05,10.30,41.86,36.29,47.96,5.56,0.54,25.16,7.06,NA,NA,NA,NA,NA,NA,26.56,0.67,123.35,NA,NA,252.41,747.25,0.53
2025-03-24 00:00:00,84.00,158.62,10.03,36.30,36.32,46.46,10.38,0.54,22.83,7.06,NA,NA,NA,NA,NA,NA,31.87,0.77,174.90,NA,NA,220.83,746.58,0.59
2025-03-25 00:00:00,116.82,211.68,10.31,26.35,36.49,47.39,10.15,0.57,25.01,7.06,NA,NA,NA,NA,NA,NA,30.97,0.83,223.64,NA,NA,219.72,741.28,0.59
2025-03-26 00:00:00,104.02,198.95,10.13,26.13,36.20,46.98,9.41,0.48,24.94,7.07,NA,NA,NA,NA,NA,NA,22.78,0.79,233.19,NA,NA,219.71,737.36,0.55
2025-03-27 00:00:00,78.93,153.45,10.17,26.13,36.55,47.41,5.12,0.46,25.23,7.03,NA,NA,NA,NA,NA,NA,16.93,0.91,253.41,NA,NA,224.74,735.20,0.66
2025-03-28 00:00:00,71.26,144.74,10.19,29.05,36.84,44.78,6.50,0.50,24.94,5.97,NA,NA,NA,NA,NA,NA,21.00,0.75,261.54,NA,NA,227.81,736.65,0.73
2025-03-29 00:00:00,56.49,122.12,10.23,30.26,39.59,49.84,5.14,0.54,24.90,3.86,NA,NA,NA,NA,NA,NA,17.00,0.96,323.76,NA,NA,273.19,739.01,0.98
2025-03-30 00:00:00,59.83,124.59,10.16,29.97,39.61,49.28,18.49,0.55,23.26,3.87,NA,NA,NA,NA,NA,NA,17.28,0.84,276.37,NA,NA,241.28,741.20,0.91
2025-03-31 00:00:00,50.27,95.87,10.26,30.12,39.72,50.01,10.84,0.51,25.36,3.88,NA,NA,NA,NA,NA,NA,13.57,0.77,238.69,NA,NA,238.77,741.20,0.54
2025-04-01 00:00:00,51.24,268.89,10.44,29.62,40.67,49.96,16.15,0.60,18.69,3.90,NA,NA,NA,NA,NA,NA,14.50,0.70,266.94,NA,NA,132.19,739.84,0.69
2025-04-02 00:00:00,70.88,272.67,10.20,30.05,39.73,49.69,12.84,0.61,24.89,3.84,NA,NA,NA,NA,NA,NA,10.32,0.90,279.90,NA,NA,182.38,741.60,0.79
2025-04-03 00:00:00,88.73,272.67,10.23,30.21,39.81,49.69,9.80,0.50,24.90,3.86,NA,NA,NA,NA,NA,NA,11.40,0.88,267.16,NA,NA,182.19,742.74,0.75
2025-04-04 00:00:00,78.43,272.67,10.20,30.30,39.64,49.97,10.53,0.47,24.88,3.84,NA,NA,NA,NA,NA,NA,14.20,1.03,286.41,NA,NA,216.44,741.28,1.00
2025-04-05 00:00:00,70.71,272.67,10.29,30.29,39.98,49.53,8.06,0.45,24.91,3.86,NA,NA,NA,NA,NA,NA,11.16,0.97,303.85,NA,NA,214.63,738.61,0.90
2025-04-06 00:00:00,66.67,259.34,9.02,29.16,38.79,43.38,6.70,0.47,26.08,3.64,NA,NA,NA,NA,NA,NA,14.90,0.85,299.53,NA,NA,232.86,738.06,0.69
2025-04-07 00:00:00,98.63,275.12,11.94,29.97,40.60,56.88,6.26,0.55,25.94,4.03,NA,NA,NA,NA,NA,NA,13.99,1.38,138.61,NA,NA,240.28,739.70,1.29
2025-04-08 00:00:00,93.95,272.67,10.19,30.34,39.85,50.07,5.29,0.47,24.87,3.84,NA,NA,NA,NA,NA,NA,36.16,2.00,134.43,NA,NA,197.72,742.23,1.96
2025-04-09 00:00:00,93.00,272.67,10.27,30.07,39.62,49.60,4.58,0.44,24.89,3.84,NA,NA,NA,NA,NA,NA,36.91,1.97,138.67,NA,NA,197.85,739.01,1.97
2025-04-10 00:00:00,62.52,268.84,10.21,30.29,39.66,50.15,5.32,0.50,24.95,3.84,NA,NA,NA,NA,NA,NA,69.18,1.98,158.14,NA,NA,117.16,735.84,0.43
2025-04-11 00:00:00,46.82,172.67,10.27,30.18,39.47,49.71,5.59,0.49,24.90,3.85,NA,NA,NA,NA,NA,NA,62.36,2.12,138.51,NA,NA,263.01,734.64,1.02
2025-04-12 00:00:00,47.29,150.51,10.19,30.13,39.75,49.72,4.79,0.48,24.88,3.84,NA,NA,NA,NA,NA,NA,44.00,1.63,130.91,NA,NA,226.13,736.62,1.63
2025-04-13 00:00:00,39.38,139.12,10.20,30.13,39.64,49.99,3.70,0.48,24.92,3.86,NA,NA,NA,NA,NA,NA,33.24,1.31,181.02,NA,NA,269.13,739.47,1.30
2025-04-14 00:00:00,45.95,133.64,10.16,30.24,39.56,49.26,6.40,0.56,25.03,3.86,NA,NA,NA,NA,NA,NA,34.73,1.68,129.18,NA,NA,284.45,740.51,1.41
2025-04-15 00:00:00,66.21,186.73,10.19,30.24,39.81,49.99,4.54,0.50,24.91,3.85,NA,NA,NA,NA,NA,NA,37.77,1.76,129.78,NA,NA,269.88,739.88,1.55
2025-04-16 00:00:00,66.58,226.44,10.20,30.32,39.80,49.52,5.18,0.48,24.89,3.85,NA,NA,NA,NA,NA,NA,33.50,1.75,144.18,NA,NA,270.47,738.41,1.54
2025-04-17 00:00:00,68.97,192.67,10.23,30.13,39.68,50.03,5.27,0.45,24.87,3.83,NA,NA,NA,NA,NA,NA,35.17,1.39,153.17,NA,NA,199.29,735.47,1.33
2025-04-18 00:00:00,62.43,191.96,10.18,30.03,39.60,49.52,5.69,0.43,24.50,3.86,NA,NA,NA,NA,NA,NA,49.24,2.60,134.93,NA,NA,252.78,733.79,2.66
2025-04-19 00:00:00,49.19,192.67,10.32,30.29,39.69,50.04,4.97,0.50,24.89,3.85,NA,NA,NA,NA,NA,NA,45.52,2.25,130.66,NA,NA,267.72,735.53,2.27
2025-04-20 00:00:00,54.24,193.34,10.07,30.30,39.72,49.91,5.20,0.49,24.28,3.84,NA,NA,NA,NA,NA,NA,43.26,1.79,131.14,NA,NA,248.74,734.24,1.53
2025-04-21 00:00:00,78.88,198.14,10.23,30.14,39.55,50.28,5.57,0.52,24.89,3.85,NA,NA,NA,NA,NA,NA,35.29,1.17,146.84,NA,NA,217.90,735.99,0.79
2025-04-22 00:00:00,89.72,202.69,10.23,30.25,39.76,49.97,5.81,0.45,24.82,3.86,NA,NA,NA,NA,NA,NA,17.75,0.77,252.21,NA,NA,247.42,736.76,0.70
2025-04-23 00:00:00,78.51,198.14,10.26,30.15,39.62,49.79,4.72,0.61,24.90,3.85,NA,NA,NA,NA,NA,NA,8.82,0.78,302.34,NA,NA,291.03,734.33,0.83
2025-04-24 00:00:00,71.63,193.17,10.24,30.36,39.88,49.96,6.41,0.50,25.14,3.87,NA,NA,NA,NA,NA,NA,7.71,0.92,265.70,NA,NA,278.33,732.72,0.86
2025-04-25 00:00:00,73.73,192.67,10.19,30.09,39.67,49.76,7.71,0.48,24.90,3.85,NA,NA,NA,NA,NA,NA,8.77,0.78,257.92,NA,NA,156.49,733.74,0.60
2025-04-26 00:00:00,75.77,192.67,10.27,30.23,39.66,50.08,11.73,0.52,24.85,3.84,NA,NA,NA,NA,NA,NA,9.07,0.82,182.97,NA,NA,203.77,733.17,0.70
2025-04-27 00:00:00,88.93,196.71,10.31,30.26,39.76,49.56,6.32,0.52,24.93,3.87,NA,NA,NA,NA,NA,NA,10.45,1.12,158.61,NA,NA,121.02,735.53,1.00
2025-04-28 00:00:00,83.11,197.92,10.25,30.23,39.71,50.03,3.77,0.45,25.01,3.87,NA,NA,NA,NA,NA,NA,31.62,2.39,168.32,NA,NA,235.49,736.64,2.58
2025-04-29 00:00:00,59.45,196.58,10.95,29.41,39.57,49.01,4.45,0.46,20.39,3.88,NA,NA,NA,NA,NA,NA,42.63,2.79,156.96,NA,NA,250.31,736.41,3.09
2025-04-30 00:00:00,61.60,186.77,10.24,29.98,39.75,49.65,5.15,0.53,25.06,3.83,NA,NA,NA,NA,NA,NA,45.32,2.55,156.63,NA,NA,243.16,738.02,2.79
2025-05-01 00:00:00,64.80,197.45,10.25,30.18,39.79,50.03,4.74,0.54,24.90,3.85,NA,NA,NA,NA,NA,NA,42.81,2.79,155.80,NA,NA,227.20,739.17,3.05
2025-05-02 00:00:00,65.58,185.52,10.25,30.04,39.56,50.02,4.49,0.54,25.18,3.85,NA,NA,NA,NA,NA,NA,40.83,2.00,144.16,NA,NA,175.12,739.61,1.96
2025-05-03 00:00:00,63.41,182.67,10.25,30.20,39.90,50.20,4.90,0.44,24.88,3.84,NA,NA,NA,NA,NA,NA,34.44,1.33,144.35,NA,NA,226.60,735.86,1.04
2025-05-04 00:00:00,69.58,197.32,10.14,30.29,39.57,49.60,4.12,0.51,25.07,3.87,NA,NA,NA,NA,NA,NA,39.16,2.10,141.13,NA,NA,212.58,734.27,2.00
2025-05-05 00:00:00,54.75,182.54,10.31,30.30,39.65,49.95,5.07,0.59,25.43,3.85,NA,NA,NA,NA,NA,NA,43.84,1.47,128.39,NA,NA,164.41,736.06,1.54
2025-05-06 00:00:00,54.50,199.48,10.13,40.17,39.58,49.56,5.27,0.52,24.34,3.87,NA,NA,NA,NA,NA,NA,48.64,1.50,168.41,NA,NA,218.74,736.86,1.48
2025-05-07 00:00:00,58.02,197.50,10.28,47.86,39.50,49.82,6.48,0.53,25.18,3.82,NA,NA,NA,NA,NA,NA,37.66,1.81,141.69,NA,NA,204.18,734.85,1.88
2025-05-08 00:00:00,52.41,222.19,11.70,39.36,39.41,48.57,5.71,0.39,23.76,3.85,NA,NA,NA,NA,NA,NA,38.73,1.41,159.19,NA,NA,268.60,735.71,1.27
2025-05-09 00:00:00,69.40,247.28,10.27,30.24,39.78,49.76,5.46,0.92,19.13,3.90,NA,NA,NA,NA,NA,NA,32.59,1.20,133.72,NA,NA,201.72,737.21,0.88
2025-05-10 00:00:00,51.69,180.52,10.26,30.38,39.41,50.06,5.59,0.55,25.69,3.82,NA,NA,NA,NA,NA,NA,32.66,1.14,147.07,NA,NA,239.73,736.05,0.80
2025-05-11 00:00:00,48.68,182.67,10.25,30.10,39.66,49.79,6.87,0.68,24.88,3.85,NA,NA,NA,NA,NA,NA,36.35,1.16,145.13,NA,NA,226.77,733.24,0.87
2025-05-12 00:00:00,53.72,182.72,10.27,30.29,39.47,50.32,6.69,0.48,25.28,3.82,NA,NA,NA,NA,NA,NA,35.25,0.93,172.58,NA,NA,235.14,731.76,0.74
2025-05-13 00:00:00,60.39,182.17,10.30,30.19,39.70,50.09,6.37,0.53,24.90,3.85,NA,NA,NA,NA,NA,NA,24.84,0.89,189.53,NA,NA,256.93,731.82,0.66
2025-05-14 00:00:00,68.10,167.37,10.03,29.75,39.19,47.61,6.11,0.46,27.07,3.66,NA,NA,NA,NA,NA,NA,22.71,1.07,168.88,NA,NA,292.84,732.60,0.88
2025-05-15 00:00:00,93.16,213.79,11.79,30.58,39.62,58.29,7.87,0.63,31.46,3.93,NA,NA,NA,NA,NA,NA,16.85,1.03,168.42,NA,NA,312.60,731.53,0.79
2025-05-16 00:00:00,109.54,206.18,10.19,30.26,39.60,49.65,5.26,0.60,24.86,3.83,NA,NA,NA,NA,NA,NA,34.14,1.13,119.23,NA,NA,214.33,731.76,1.20
2025-05-17 00:00:00,83.55,193.14,10.24,30.12,39.58,50.15,5.41,0.50,24.91,3.84,NA,NA,NA,NA,NA,NA,37.94,1.89,38.77,NA,NA,193.68,732.26,1.87
2025-05-18 00:00:00,60.64,188.09,10.20,30.13,39.70,49.60,6.12,0.47,24.99,3.85,NA,NA,NA,NA,NA,NA,47.80,2.37,23.53,NA,NA,252.00,732.84,2.32
2025-05-19 00:00:00,57.35,207.67,10.21,30.18,39.58,49.92,6.09,0.47,24.89,3.84,NA,NA,NA,NA,NA,NA,54.26,2.91,12.42,NA,NA,242.24,732.55,2.97
2025-05-20 00:00:00,49.57,207.44,10.20,30.18,39.78,49.92,5.84,0.57,24.95,3.84,NA,NA,NA,NA,NA,NA,55.42,2.39,31.37,NA,NA,231.53,730.71,2.39
2025-05-21 00:00:00,54.99,202.67,10.23,30.13,39.80,49.81,5.19,0.53,24.89,3.83,NA,NA,NA,NA,NA,NA,51.88,2.76,28.97,NA,NA,216.21,731.58,2.79
2025-05-22 00:00:00,33.28,187.21,10.30,30.24,39.69,50.10,5.01,0.47,24.97,3.88,NA,NA,NA,NA,NA,NA,67.86,1.58,96.38,NA,NA,211.93,733.40,1.34
2025-05-23 00:00:00,44.46,148.64,10.26,30.17,39.65,50.18,5.52,0.47,25.14,3.86,NA,NA,NA,NA,NA,NA,60.49,2.46,16.70,NA,NA,175.06,730.59,1.95
2025-05-24 00:00:00,57.18,88.29,10.27,30.12,39.64,49.95,5.21,0.51,25.15,3.86,NA,NA,NA,NA,NA,NA,53.90,2.94,14.78,NA,NA,236.48,730.90,2.86
2025-05-25 00:00:00,41.35,83.46,7.63,28.19,38.77,38.02,3.47,0.56,16.01,3.64,NA,NA,NA,NA,NA,NA,57.47,2.35,16.77,NA,NA,249.35,734.73,2.17
2025-05-26 00:00:00,43.27,147.87,10.41,28.97,40.46,49.35,6.27,0.60,12.77,3.94,NA,NA,NA,NA,NA,NA,48.72,1.82,48.68,NA,NA,179.36,730.92,1.78
2025-05-27 00:00:00,43.09,117.89,10.19,30.06,39.86,49.69,5.84,0.47,24.86,3.84,NA,NA,NA,NA,NA,NA,51.93,2.49,12.12,NA,NA,244.05,728.42,2.41
2025-05-28 00:00:00,36.74,117.89,10.17,30.06,39.56,49.88,5.12,0.54,24.88,3.84,NA,NA,NA,NA,NA,NA,46.49,1.38,124.83,NA,NA,250.37,726.20,1.52
2025-05-29 00:00:00,40.55,117.89,10.21,30.12,39.60,49.85,5.75,0.46,24.90,3.84,NA,NA,NA,NA,NA,NA,46.50,1.65,82.56,NA,NA,219.87,723.79,1.47
2025-05-30 00:00:00,43.09,121.19,10.25,30.23,39.83,50.07,6.20,0.57,24.86,3.85,NA,NA,NA,NA,NA,NA,51.88,1.36,106.50,NA,NA,269.84,722.79,1.15
2025-05-31 00:00:00,63.30,117.89,10.20,30.19,39.87,49.93,4.89,0.46,24.94,3.86,NA,NA,NA,NA,NA,NA,39.86,1.03,186.64,NA,NA,212.49,725.31,0.65
2025-06-01 00:00:00,57.04,117.99,10.09,30.21,39.78,49.82,4.00,0.55,24.45,3.85,NA,NA,NA,NA,NA,NA,36.95,1.20,168.30,NA,NA,193.70,726.80,0.89
2025-06-02 00:00:00,64.65,121.94,10.27,30.21,39.71,49.65,5.82,0.58,24.90,3.86,NA,NA,NA,NA,NA,NA,33.39,0.90,179.71,NA,NA,137.00,727.50,0.57
2025-06-03 00:00:00,52.47,113.54,15.00,30.85,40.05,49.72,4.18,0.56,27.65,3.88,NA,NA,NA,NA,NA,NA,41.23,0.73,216.37,NA,NA,106.88,730.23,0.50
2025-06-04 00:00:00,55.53,110.67,21.57,31.91,39.76,50.19,5.83,0.51,29.88,3.84,NA,NA,NA,NA,NA,NA,50.84,0.90,156.30,NA,NA,227.17,733.43,0.60
2025-06-05 00:00:00,46.99,112.46,21.81,31.13,39.69,48.46,6.30,0.44,25.36,3.86,NA,NA,NA,NA,NA,NA,44.74,0.79,184.89,NA,NA,237.69,736.80,0.66
2025-06-06 00:00:00,56.83,110.05,21.72,32.07,39.62,49.51,5.70,0.61,30.50,3.84,NA,NA,NA,NA,NA,NA,35.73,0.86,207.71,NA,NA,249.22,736.02,0.62
2025-06-07 00:00:00,74.35,112.23,21.64,32.05,39.87,49.92,7.90,0.66,30.42,3.85,NA,NA,NA,NA,NA,NA,29.73,1.12,95.36,NA,NA,210.34,733.84,0.97
2025-06-08 00:00:00,66.84,121.71,21.64,31.95,39.75,49.73,5.25,0.55,30.27,3.86,NA,NA,NA,NA,NA,NA,29.34,1.27,89.54,NA,NA,203.61,731.44,0.93
2025-06-09 00:00:00,80.11,133.05,21.78,32.07,39.53,50.35,5.35,0.49,30.58,3.87,NA,NA,NA,NA,NA,NA,32.24,1.45,45.46,NA,NA,187.81,728.81,1.17
2025-06-10 00:00:00,80.49,133.09,21.61,32.17,39.51,49.80,5.32,0.47,30.37,3.88,NA,NA,NA,NA,NA,NA,34.03,2.02,20.63,NA,NA,189.61,727.58,1.92
2025-06-11 00:00:00,72.78,134.05,21.78,32.03,39.67,50.11,4.58,0.48,30.82,3.87,NA,NA,NA,NA,NA,NA,37.67,1.88,71.63,NA,NA,179.48,728.81,1.94
2025-06-12 00:00:00,66.97,133.04,21.64,32.07,39.67,49.62,7.72,0.64,30.35,3.84,NA,NA,NA,NA,NA,NA,34.60,2.27,30.59,NA,NA,193.21,728.46,2.16
2025-06-13 00:00:00,55.30,133.26,21.66,31.96,39.99,50.09,3.99,0.55,31.32,3.86,NA,NA,NA,NA,NA,NA,44.54,2.43,28.43,NA,NA,196.62,729.42,2.46
2025-06-14 00:00:00,53.72,129.65,21.74,32.09,39.74,49.71,5.55,0.50,31.38,3.86,NA,NA,NA,NA,NA,NA,41.67,1.67,96.48,NA,NA,195.38,726.84,1.70
2025-06-15 00:00:00,41.93,129.71,21.79,31.87,39.90,49.83,4.56,0.53,31.43,3.85,NA,NA,NA,NA,NA,NA,54.62,1.50,105.32,NA,NA,262.53,726.25,1.42
2025-06-16 00:00:00,44.39,129.68,21.74,32.04,39.73,50.24,5.55,0.47,31.46,3.85,NA,NA,NA,NA,NA,NA,59.87,2.08,57.21,NA,NA,152.17,727.09,2.01
2025-06-17 00:00:00,45.72,116.68,21.61,32.03,39.73,49.83,4.51,0.49,31.39,3.85,NA,NA,NA,NA,NA,NA,61.57,1.97,42.83,NA,NA,156.87,727.47,1.66
2025-06-18 00:00:00,28.04,114.08,23.16,27.15,38.37,41.63,3.69,0.44,27.34,3.87,NA,NA,NA,NA,NA,NA,62.41,0.89,171.07,NA,NA,197.72,726.29,0.48
2025-06-19 00:00:00,52.01,108.33,21.70,32.01,39.64,50.22,5.60,0.51,31.46,3.86,NA,NA,NA,NA,NA,NA,73.95,1.98,73.64,NA,NA,255.81,724.82,0.44
2025-06-20 00:00:00,19.86,65.20,21.77,32.13,39.83,50.20,3.72,0.45,31.44,3.86,NA,NA,NA,NA,NA,NA,74.69,1.81,61.31,NA,NA,201.50,727.92,-1.13
2025-06-21 00:00:00,26.42,46.08,21.72,31.97,39.87,49.85,5.56,0.47,31.28,3.82,NA,NA,NA,NA,NA,NA,61.69,2.05,48.71,NA,NA,223.07,728.02,1.77
2025-06-22 00:00:00,30.41,80.49,21.71,32.19,39.62,50.15,5.41,0.54,31.90,3.84,NA,NA,NA,NA,NA,NA,80.43,1.84,32.71,NA,NA,234.58,726.98,1.27
2025-06-23 00:00:00,35.70,81.98,21.81,32.05,39.73,49.82,5.33,0.40,31.42,3.85,NA,NA,NA,NA,NA,NA,80.34,2.12,25.71,NA,NA,194.67,725.27,1.95
2025-06-24 00:00:00,41.56,83.88,21.72,31.99,39.64,49.94,4.58,0.47,31.40,3.85,NA,NA,NA,NA,NA,NA,71.72,1.63,82.59,NA,NA,199.57,724.42,0.70
2025-06-25 00:00:00,42.55,82.57,21.65,31.96,39.65,50.19,6.15,0.56,31.38,3.84,NA,NA,NA,NA,NA,NA,66.70,2.44,75.35,NA,NA,197.59,728.01,2.16
2025-06-26 00:00:00,32.13,87.10,21.51,31.82,39.79,50.27,4.90,0.39,31.58,3.88,NA,NA,NA,NA,NA,NA,58.16,2.59,75.05,NA,NA,201.96,729.82,2.75
2025-06-27 00:00:00,39.94,86.72,21.60,31.92,39.81,50.21,5.78,0.60,31.38,3.83,NA,NA,NA,NA,NA,NA,52.90,2.29,79.22,NA,NA,257.86,728.31,2.43
2025-06-28 00:00:00,35.50,87.35,21.30,31.92,40.29,50.73,5.55,0.51,31.01,3.88,NA,NA,NA,NA,NA,NA,69.68,1.52,142.19,NA,NA,212.72,727.05,0.51
2025-06-29 00:00:00,22.26,84.58,21.76,32.23,39.47,50.00,4.36,0.51,31.60,3.84,NA,NA,NA,NA,NA,NA,82.69,1.01,219.42,NA,NA,183.44,725.38,-1.51
2025-06-30 00:00:00,25.23,58.09,21.72,30.33,39.30,48.18,6.79,0.48,27.76,3.82,NA,NA,NA,NA,NA,NA,91.64,1.13,142.85,NA,NA,187.38,726.35,-6.90
2025-07-01 00:00:00,20.31,44.96,21.65,32.06,39.70,50.10,4.83,0.65,31.79,3.81,NA,NA,NA,NA,NA,NA,89.24,1.07,160.13,NA,NA,444.86,726.76,-5.29
2025-07-02 00:00:00,26.65,45.29,21.71,31.96,39.82,49.91,4.80,0.52,31.60,3.84,NA,NA,NA,NA,NA,NA,77.81,1.99,60.13,NA,NA,485.39,726.64,-2.74
2025-07-03 00:00:00,23.49,42.10,21.76,32.00,39.55,49.95,4.85,0.51,31.39,3.84,NA,NA,NA,NA,NA,NA,70.34,2.38,20.64,NA,NA,318.26,727.65,1.17
2025-07-04 00:00:00,24.73,45.21,21.67,32.03,39.87,49.88,4.37,0.51,30.27,3.83,NA,NA,NA,NA,NA,NA,80.45,1.50,84.89,NA,NA,275.41,727.73,-0.96
2025-07-05 00:00:00,22.56,52.72,21.72,32.13,39.51,49.78,3.52,0.57,25.54,3.88,NA,NA,NA,NA,NA,NA,73.27,1.32,114.43,NA,NA,222.91,726.79,0.64
2025-07-06 00:00:00,17.48,52.51,21.63,32.03,39.79,49.86,3.44,0.41,25.52,3.87,NA,NA,NA,NA,NA,NA,65.89,2.00,20.99,NA,NA,250.42,725.84,1.74
2025-07-07 00:00:00,22.18,47.78,21.58,31.86,39.68,50.29,6.22,0.57,24.85,3.82,NA,NA,NA,NA,NA,NA,58.23,1.88,52.22,NA,NA,295.73,726.27,1.38
2025-07-08 00:00:00,24.71,44.10,21.67,32.11,39.69,49.61,5.58,0.49,25.41,3.86,NA,NA,NA,NA,NA,NA,67.23,0.91,182.01,NA,NA,200.95,726.89,0.31
2025-07-09 00:00:00,22.37,40.61,21.64,31.98,39.88,49.88,4.79,0.52,25.35,3.85,NA,NA,NA,NA,NA,NA,73.48,1.47,126.68,NA,NA,146.79,729.60,0.64
2025-07-10 00:00:00,22.42,40.25,21.69,32.07,39.83,49.61,5.12,0.57,25.17,3.86,NA,NA,NA,NA,NA,NA,75.43,1.06,151.45,NA,NA,209.88,731.42,0.34
2025-07-11 00:00:00,14.19,25.69,21.81,32.58,39.22,47.47,5.07,0.77,25.52,3.84,NA,NA,NA,NA,NA,NA,83.61,0.82,236.39,NA,NA,275.28,730.67,-2.56
2025-07-12 00:00:00,19.60,61.04,21.70,31.80,39.71,50.11,5.36,0.52,25.30,3.86,NA,NA,NA,NA,NA,NA,85.33,1.12,167.57,NA,NA,239.30,729.82,-5.80
2025-07-13 00:00:00,25.68,62.98,21.62,31.82,39.82,49.66,3.94,0.48,25.17,3.84,NA,NA,NA,NA,NA,NA,87.90,1.68,82.22,NA,NA,280.35,729.31,-1.87
2025-07-14 00:00:00,22.65,67.01,21.48,31.90,39.90,49.91,6.47,0.53,22.72,3.86,NA,NA,NA,NA,NA,NA,80.82,2.10,45.76,NA,NA,331.51,729.76,-3.29
2025-07-15 00:00:00,25.27,62.43,21.77,32.05,39.68,49.79,5.63,0.63,25.42,3.86,NA,NA,NA,NA,NA,NA,81.23,1.51,64.43,NA,NA,275.56,729.48,-3.10
2025-07-16 00:00:00,16.34,62.49,21.74,32.07,39.66,49.89,6.70,0.66,25.47,3.87,NA,NA,NA,NA,NA,NA,79.46,1.43,144.80,NA,NA,323.23,729.95,-0.84
2025-07-17 00:00:00,20.96,58.29,21.77,32.15,39.82,49.82,4.67,0.56,25.48,3.82,NA,NA,NA,NA,NA,NA,82.51,2.57,73.18,NA,NA,246.34,729.21,1.67
2025-07-18 00:00:00,29.26,54.08,21.74,32.05,39.66,49.49,5.13,0.52,25.42,3.85,NA,NA,NA,NA,NA,NA,69.10,2.21,78.22,NA,NA,339.58,730.77,1.94
2025-07-19 00:00:00,22.83,54.08,21.76,31.99,39.63,49.73,3.24,0.56,25.35,3.84,NA,NA,NA,NA,NA,NA,68.96,1.13,181.98,NA,NA,373.26,728.01,0.55
2025-07-20 00:00:00,27.07,54.08,21.69,31.90,39.38,49.85,4.53,0.52,25.42,3.86,NA,NA,NA,NA,NA,NA,72.65,0.95,165.20,NA,NA,184.39,727.83,0.22
2025-07-21 00:00:00,28.20,54.39,21.57,31.64,39.96,49.86,4.55,0.40,23.12,3.88,NA,NA,NA,NA,NA,NA,69.86,0.95,188.25,NA,NA,231.59,730.25,0.47
2025-07-22 00:00:00,28.71,54.28,21.63,31.95,39.90,49.69,4.90,0.48,25.40,3.85,NA,NA,NA,NA,NA,NA,64.23,0.79,224.17,NA,NA,305.68,728.12,0.06
2025-07-23 00:00:00,27.52,56.68,21.67,31.89,39.75,49.74,5.84,0.55,25.14,3.84,NA,NA,NA,NA,NA,NA,69.75,0.85,199.40,NA,NA,254.27,724.23,0.08
2025-07-24 00:00:00,25.88,43.86,21.70,32.06,39.80,49.58,4.53,0.48,25.49,3.81,NA,NA,NA,NA,NA,NA,71.62,0.90,204.66,NA,NA,265.30,722.65,-0.38
2025-07-25 00:00:00,23.37,44.13,21.62,31.99,39.70,50.13,6.28,0.60,25.47,3.85,NA,NA,NA,NA,NA,NA,79.72,0.95,196.39,NA,NA,245.43,722.32,-2.64
2025-07-26 00:00:00,19.51,44.08,21.64,31.93,39.95,50.06,6.03,0.47,25.41,3.85,NA,NA,NA,NA,NA,NA,74.81,1.92,113.63,NA,NA,283.88,723.03,-2.94
2025-07-27 00:00:00,18.46,44.08,21.63,32.13,39.75,50.20,4.82,0.43,25.48,3.85,NA,NA,NA,NA,NA,NA,76.47,2.31,29.99,NA,NA,149.31,723.57,1.16
2025-07-28 00:00:00,25.79,44.22,21.71,32.11,39.81,49.71,5.35,0.48,25.48,3.87,NA,NA,NA,NA,NA,NA,85.69,1.55,77.88,NA,NA,137.23,724.70,-0.71
2025-07-29 00:00:00,19.16,46.50,21.69,31.99,39.81,50.02,7.03,0.62,25.58,3.86,NA,NA,NA,NA,NA,NA,90.22,1.98,30.35,NA,NA,176.19,725.68,-2.95
2025-07-30 00:00:00,21.49,46.11,21.72,32.05,39.66,50.08,5.21,0.53,25.40,3.85,NA,NA,NA,NA,NA,NA,90.07,1.96,37.24,NA,NA,171.49,726.48,-1.70
2025-07-31 00:00:00,28.09,46.47,21.96,29.98,39.68,47.31,4.34,0.51,22.57,3.85,NA,NA,NA,NA,NA,NA,93.73,1.60,75.99,NA,NA,140.55,727.38,-2.72
2025-08-01 00:00:00,25.56,46.12,21.74,32.03,39.72,49.59,1.52,0.45,25.40,3.85,NA,NA,NA,NA,NA,NA,92.76,1.12,158.75,NA,NA,210.17,728.56,-3.85
2025-08-02 00:00:00,21.75,45.06,21.65,31.92,39.85,49.60,6.09,0.65,25.37,3.84,NA,NA,NA,NA,NA,NA,90.78,0.81,257.40,NA,NA,193.79,729.24,-4.15
2025-08-03 00:00:00,18.11,45.07,21.65,31.97,39.74,49.84,1.00,0.49,25.40,3.84,NA,NA,NA,NA,NA,NA,95.51,0.89,247.00,NA,NA,208.99,731.85,-7.63
2025-08-04 00:00:00,12.25,45.08,21.75,31.92,39.64,49.73,1.79,0.58,25.44,3.86,NA,NA,NA,NA,NA,NA,95.61,1.13,254.51,NA,NA,255.84,733.40,-16.33
2025-08-05 00:00:00,20.18,45.07,21.69,31.96,39.79,49.60,1.43,0.46,25.19,3.86,NA,NA,NA,NA,NA,NA,92.60,1.14,190.54,NA,NA,297.99,734.08,-8.97
2025-08-06 00:00:00,15.47,45.90,21.72,31.94,39.67,50.18,4.90,0.57,25.32,3.84,NA,NA,NA,NA,NA,NA,91.73,1.00,183.98,NA,NA,278.25,734.06,-9.89
2025-08-07 00:00:00,21.31,45.08,21.60,32.02,39.95,50.18,1.95,0.52,25.51,3.87,NA,NA,NA,NA,NA,NA,90.33,1.06,203.46,NA,NA,319.01,731.07,-8.81
2025-08-08 00:00:00,16.59,40.43,21.68,32.00,39.74,49.71,2.19,0.56,25.19,3.87,NA,NA,NA,NA,NA,NA,95.49,0.88,208.24,NA,NA,237.40,732.19,-8.20
2025-08-09 00:00:00,15.65,39.71,21.73,32.08,39.76,49.95,1.34,0.51,25.71,3.84,NA,NA,NA,NA,NA,NA,89.38,1.32,148.74,NA,NA,152.56,734.49,-3.91
2025-08-10 00:00:00,14.92,39.72,21.78,32.10,39.63,50.19,1.58,0.51,25.62,3.88,NA,NA,NA,NA,NA,NA,80.58,1.11,171.69,NA,NA,255.64,733.10,-1.41
2025-08-11 00:00:00,17.31,39.46,21.62,31.97,40.00,49.64,4.22,0.52,25.17,3.83,NA,NA,NA,NA,NA,NA,95.28,0.86,243.09,NA,NA,172.00,731.78,-6.60
2025-08-12 00:00:00,13.90,34.82,21.52,31.47,40.19,49.30,3.10,0.43,23.85,3.88,NA,NA,NA,NA,NA,NA,86.30,0.79,238.97,NA,NA,258.53,730.44,-6.01
2025-08-13 00:00:00,25.22,42.07,21.59,32.03,39.94,49.96,6.84,0.56,24.88,3.86,NA,NA,NA,NA,NA,NA,88.27,1.08,217.88,NA,NA,133.71,730.47,-3.13
2025-08-14 00:00:00,18.50,41.67,21.65,31.96,39.59,50.05,5.59,0.60,25.44,3.85,NA,NA,NA,NA,NA,NA,88.36,1.59,101.18,NA,NA,196.72,733.98,-1.46
2025-08-15 00:00:00,17.48,40.47,21.10,31.21,40.49,50.16,6.72,0.82,22.92,3.83,NA,NA,NA,NA,NA,NA,89.46,1.16,139.04,NA,NA,182.60,731.35,-1.61
2025-08-16 00:00:00,28.88,41.51,21.71,32.04,39.81,49.57,7.93,0.66,25.49,3.86,NA,NA,NA,NA,NA,NA,73.29,1.74,61.14,NA,NA,303.13,729.89,0.01
2025-08-17 00:00:00,22.50,39.61,21.73,32.01,39.79,49.81,4.30,0.50,25.46,3.81,NA,NA,NA,NA,NA,NA,71.44,2.10,31.88,NA,NA,245.51,731.13,1.61
2025-08-18 00:00:00,24.26,41.70,21.65,31.95,39.65,49.93,7.65,0.72,25.52,3.86,NA,NA,NA,NA,NA,NA,71.72,2.45,24.52,NA,NA,274.15,733.17,2.14
2025-08-19 00:00:00,27.54,43.33,21.76,32.21,39.81,49.82,5.41,0.53,25.37,3.88,NA,NA,NA,NA,NA,NA,73.74,2.46,28.88,NA,NA,215.40,731.56,2.07
2025-08-20 00:00:00,27.74,55.64,21.73,32.00,39.80,49.53,7.09,0.53,25.56,3.82,NA,NA,NA,NA,NA,NA,76.12,2.63,35.75,NA,NA,276.32,730.85,2.53
2025-08-21 00:00:00,27.61,54.51,21.64,31.90,39.66,50.20,16.51,0.54,25.56,3.87,NA,NA,NA,NA,NA,NA,82.42,1.97,65.83,NA,NA,192.83,730.87,1.60
2025-08-22 00:00:00,24.11,54.75,21.64,31.91,39.75,49.78,9.00,0.50,25.50,3.89,NA,NA,NA,NA,NA,NA,85.74,1.43,81.20,NA,NA,172.47,728.88,0.29
2025-08-23 00:00:00,24.64,53.02,21.76,31.84,39.80,49.76,9.58,0.44,25.15,3.85,NA,NA,NA,NA,NA,NA,82.82,2.03,48.31,NA,NA,293.83,728.29,1.54
2025-08-24 00:00:00,14.17,54.67,21.65,32.07,39.58,50.20,7.93,0.75,25.58,3.84,NA,NA,NA,NA,NA,NA,81.27,2.44,32.62,NA,NA,381.62,728.61,0.99
2025-08-25 00:00:00,17.09,54.44,21.66,31.62,40.05,49.45,7.05,0.56,24.27,3.87,NA,NA,NA,NA,NA,NA,93.55,2.18,51.87,NA,NA,515.46,729.94,-1.59
2025-08-26 00:00:00,30.20,53.02,21.61,32.01,39.63,50.00,6.46,0.55,25.33,3.84,NA,NA,NA,NA,NA,NA,92.29,1.51,57.06,NA,NA,271.66,733.08,-7.37
2025-08-27 00:00:00,29.59,55.97,21.81,32.11,39.81,49.73,4.63,0.63,25.55,3.85,NA,NA,NA,NA,NA,NA,78.50,1.43,77.50,NA,NA,246.59,731.83,-2.27
2025-08-28 00:00:00,31.00,54.67,21.71,32.10,39.80,50.00,5.38,0.54,25.36,3.84,NA,NA,NA,NA,NA,NA,79.38,1.85,59.15,NA,NA,256.59,729.11,-0.75
2025-08-29 00:00:00,28.03,65.16,21.73,32.09,39.57,49.74,6.15,0.42,25.38,3.83,NA,NA,NA,NA,NA,NA,80.47,2.09,71.62,NA,NA,176.16,732.84,-0.13
2025-08-30 00:00:00,23.99,66.88,21.90,32.00,39.58,49.01,5.49,0.52,25.17,3.83,NA,NA,NA,NA,NA,NA,80.48,1.87,83.61,NA,NA,208.24,734.56,0.11
2025-08-31 00:00:00,15.31,67.73,21.63,31.85,39.76,49.90,4.61,0.43,24.80,3.82,NA,NA,NA,NA,NA,NA,84.87,1.79,81.38,NA,NA,158.58,732.89,-0.25
2025-09-01 00:00:00,16.41,61.34,21.78,31.63,39.96,45.69,6.74,0.67,18.99,3.98,NA,NA,NA,NA,NA,NA,94.88,1.61,93.05,NA,NA,249.60,730.90,-2.42
2025-09-02 00:00:00,18.09,52.97,21.86,32.31,39.76,50.02,6.64,0.50,25.50,3.82,NA,NA,NA,NA,NA,NA,86.99,1.45,91.86,NA,NA,312.57,731.18,-1.89
2025-09-03 00:00:00,15.64,52.85,21.71,31.96,39.63,49.54,5.27,0.56,25.49,3.86,NA,NA,NA,NA,NA,NA,74.76,2.00,67.72,NA,NA,233.18,732.17,-0.43
2025-09-04 00:00:00,19.32,52.84,21.70,31.99,39.48,50.08,5.55,0.53,25.33,3.84,NA,NA,NA,NA,NA,NA,72.45,2.52,69.14,NA,NA,238.85,731.99,0.59
2025-09-05 00:00:00,15.90,63.16,21.68,31.71,39.76,49.54,3.35,0.62,24.52,3.84,NA,NA,NA,NA,NA,NA,83.43,1.98,80.42,NA,NA,219.05,733.68,0.20
2025-09-06 00:00:00,20.79,45.30,21.63,32.07,39.65,50.05,4.70,0.44,25.50,3.87,NA,NA,NA,NA,NA,NA,80.20,1.63,97.62,NA,NA,193.10,735.13,-1.79
2025-09-07 00:00:00,14.47,40.74,21.78,31.99,39.90,50.07,4.65,0.48,25.54,3.84,NA,NA,NA,NA,NA,NA,73.55,1.23,136.01,NA,NA,215.97,734.57,-0.98
2025-09-08 00:00:00,14.13,36.73,21.75,32.18,39.45,50.40,5.72,0.58,25.35,3.84,NA,NA,NA,NA,NA,NA,89.73,0.91,203.23,NA,NA,385.83,735.40,-1.24
2025-09-09 00:00:00,13.02,33.83,21.66,32.07,39.72,50.05,6.54,0.50,25.46,3.87,NA,NA,NA,NA,NA,NA,83.11,0.91,279.29,NA,NA,354.89,736.29,-1.19
2025-09-10 00:00:00,12.87,44.80,21.71,32.02,39.88,49.50,8.37,0.61,25.53,3.82,NA,NA,NA,NA,NA,NA,77.12,1.11,275.58,NA,NA,215.94,734.70,0.18
2025-09-11 00:00:00,16.85,54.40,21.58,31.98,39.64,49.70,6.82,0.51,25.58,3.86,NA,NA,NA,NA,NA,NA,75.32,1.08,272.89,NA,NA,175.64,734.66,-1.01
2025-09-12 00:00:00,15.30,61.13,21.63,31.88,39.65,49.71,10.25,0.54,25.11,3.87,NA,NA,NA,NA,NA,NA,71.66,0.89,243.28,NA,NA,184.26,736.64,-1.13
2025-09-13 00:00:00,17.83,64.75,21.76,32.15,39.62,49.69,7.83,0.60,25.22,3.84,NA,NA,NA,NA,NA,NA,68.61,0.85,271.61,NA,NA,205.71,737.02,-1.33
2025-09-14 00:00:00,17.24,52.84,21.72,32.07,39.51,49.85,15.64,0.63,25.44,3.86,NA,NA,NA,NA,NA,NA,68.35,0.93,248.02,NA,NA,222.40,736.22,-1.21
2025-09-15 00:00:00,27.38,53.45,21.75,31.93,39.60,49.86,10.05,0.54,25.52,3.88,NA,NA,NA,NA,NA,NA,83.47,1.37,135.38,NA,NA,106.64,735.04,-0.82
2025-09-16 00:00:00,18.16,46.27,21.42,31.38,40.17,48.82,8.03,0.63,22.66,3.89,NA,NA,NA,NA,NA,NA,88.68,1.13,96.51,NA,NA,321.57,735.25,-1.07
2025-09-17 00:00:00,15.93,37.40,21.77,32.39,39.57,49.16,4.67,0.43,24.35,3.84,NA,NA,NA,NA,NA,NA,90.88,1.13,91.81,NA,NA,242.95,735.02,-2.52
2025-09-18 00:00:00,23.32,46.22,22.00,31.66,39.73,46.41,5.89,0.54,24.18,3.75,NA,NA,NA,NA,NA,NA,93.51,1.26,107.36,NA,NA,362.32,735.37,-2.38
2025-09-19 00:00:00,20.30,36.41,22.13,33.70,39.26,55.65,4.03,0.51,30.62,3.74,NA,NA,NA,NA,NA,NA,84.82,0.93,209.09,NA,NA,290.59,735.84,-2.63
2025-09-20 00:00:00,29.84,37.73,20.80,30.69,40.76,47.14,6.18,0.44,16.27,4.06,NA,NA,NA,NA,NA,NA,90.85,1.06,148.59,NA,NA,87.15,735.01,-9.24
2025-09-21 00:00:00,36.10,63.45,21.67,32.07,39.80,49.88,6.06,0.54,24.99,3.85,NA,NA,NA,NA,NA,NA,72.17,0.89,283.11,NA,NA,215.02,733.83,-3.18
2025-09-22 00:00:00,46.97,71.71,22.12,32.16,39.36,47.66,4.16,0.49,26.60,3.70,NA,NA,NA,NA,NA,NA,70.44,0.74,293.66,NA,NA,206.09,734.02,-1.46
2025-09-23 00:00:00,52.82,77.45,18.93,31.50,42.01,64.19,6.09,0.50,22.92,4.29,NA,NA,NA,NA,NA,NA,62.56,0.82,289.97,NA,NA,65.64,731.52,-1.47
2025-09-24 00:00:00,58.06,87.67,27.22,37.05,46.16,45.08,4.81,0.59,30.11,3.84,NA,NA,NA,NA,NA,NA,63.89,0.78,254.71,NA,NA,201.35,731.26,-1.22
2025-09-25 00:00:00,39.79,53.20,32.05,45.54,56.66,55.43,6.58,1.01,25.49,3.87,NA,NA,NA,NA,NA,NA,76.57,1.20,178.74,NA,NA,250.56,732.94,-0.77
2025-09-26 00:00:00,45.69,92.70,28.63,43.25,53.40,50.70,5.94,0.80,25.32,3.83,NA,NA,NA,NA,NA,NA,71.78,0.88,205.45,NA,NA,191.27,734.08,-1.82
2025-09-27 00:00:00,42.58,134.66,26.35,39.82,49.47,45.29,6.93,0.90,25.51,3.87,NA,NA,NA,NA,NA,NA,70.79,1.67,75.94,NA,NA,138.90,736.81,-0.18
2025-09-28 00:00:00,27.50,58.04,24.21,37.70,46.99,41.57,3.70,0.81,25.53,3.86,NA,NA,NA,NA,NA,NA,68.37,2.10,75.23,NA,NA,200.14,736.59,0.61
2025-09-29 00:00:00,42.55,96.87,26.81,40.51,50.50,46.52,6.71,0.77,25.25,3.85,NA,NA,NA,NA,NA,NA,67.61,1.54,96.53,NA,NA,190.07,734.86,-0.04
2025-09-30 00:00:00,35.65,61.75,24.91,38.64,47.37,43.61,4.49,0.86,24.61,3.84,NA,NA,NA,NA,NA,NA,79.35,1.16,128.24,NA,NA,326.48,732.95,-0.43
2025-10-01 00:00:00,29.44,82.69,21.48,38.32,42.65,41.42,8.58,0.91,25.52,3.89,NA,NA,NA,NA,NA,NA,76.68,0.90,255.54,NA,NA,218.01,733.25,-0.20
2025-10-02 00:00:00,25.05,81.38,20.94,36.51,41.36,39.24,7.87,1.23,25.39,3.85,NA,NA,NA,NA,NA,NA,77.78,1.86,99.61,NA,NA,159.29,738.09,0.76
2025-10-03 00:00:00,25.94,65.53,21.34,37.13,42.00,40.27,9.08,1.21,25.45,3.86,NA,NA,NA,NA,NA,NA,83.80,1.54,50.79,NA,NA,425.97,740.22,0.49
2025-10-04 00:00:00,15.71,37.06,20.67,36.53,40.67,38.71,9.63,1.30,25.57,3.84,NA,NA,NA,NA,NA,NA,86.96,1.01,205.48,NA,NA,568.89,737.62,-0.13
2025-10-05 00:00:00,32.51,64.11,36.60,39.25,62.77,64.60,7.96,1.28,25.51,3.86,NA,NA,NA,NA,NA,NA,74.42,1.09,267.95,NA,NA,212.11,736.88,-1.84
2025-10-06 00:00:00,56.32,113.84,21.32,38.56,42.73,44.27,9.70,1.22,25.29,3.86,NA,NA,NA,NA,NA,NA,80.01,1.00,185.13,NA,NA,280.97,739.52,-1.03
2025-10-07 00:00:00,27.85,68.45,20.57,40.01,41.34,46.38,7.27,1.22,25.70,3.84,NA,NA,NA,NA,NA,NA,76.33,0.99,142.26,NA,NA,176.66,740.49,-0.36
2025-10-08 00:00:00,32.31,78.48,21.23,47.71,42.29,50.93,8.26,1.17,25.79,3.84,NA,NA,NA,NA,NA,NA,74.65,0.79,219.34,NA,NA,135.79,741.65,-1.36
2025-10-09 00:00:00,51.88,102.84,18.60,45.54,38.98,46.38,8.44,1.09,24.89,3.87,NA,NA,NA,NA,NA,NA,65.12,0.89,294.18,NA,NA,207.59,743.86,-0.89
2025-10-10 00:00:00,50.00,109.86,18.21,45.26,38.52,45.83,7.28,1.12,25.50,3.84,NA,NA,NA,NA,NA,NA,58.15,0.89,285.80,NA,NA,211.54,743.05,-0.83
2025-10-11 00:00:00,56.44,106.60,17.97,45.03,38.21,45.38,7.80,1.09,23.60,3.86,NA,NA,NA,NA,NA,NA,49.24,0.85,297.15,NA,NA,198.63,743.01,-0.72
2025-10-12 00:00:00,67.43,124.92,20.74,46.41,40.91,48.91,8.69,1.08,25.60,3.84,NA,NA,NA,NA,NA,NA,44.96,0.93,271.90,NA,NA,209.84,743.12,-0.42
2025-10-13 00:00:00,74.76,136.65,20.52,46.43,40.98,48.99,8.48,1.09,26.31,3.76,NA,NA,NA,NA,NA,NA,48.62,1.02,268.44,NA,NA,194.88,744.04,-0.21
2025-10-14 00:00:00,75.57,124.77,24.94,35.59,41.85,42.42,5.32,0.96,30.35,3.84,NA,NA,NA,NA,NA,NA,45.55,0.99,263.58,NA,NA,253.53,743.07,-0.16
2025-10-15 00:00:00,69.97,132.11,26.59,24.62,41.50,36.66,4.74,0.90,25.40,3.85,NA,NA,NA,NA,NA,NA,53.11,1.04,307.01,NA,NA,197.10,742.42,-0.37
2025-10-16 00:00:00,82.62,144.20,27.95,18.25,42.54,37.72,4.77,0.95,25.67,3.83,NA,NA,NA,NA,NA,NA,48.50,0.98,288.23,NA,NA,162.38,742.33,-0.45
2025-10-17 00:00:00,91.29,157.98,28.84,19.07,43.73,39.33,5.93,0.89,25.44,3.85,NA,NA,NA,NA,NA,NA,46.53,0.89,253.26,NA,NA,162.49,743.77,-0.40
2025-10-18 00:00:00,90.08,153.91,30.74,18.78,45.10,40.86,5.88,0.89,25.46,3.86,NA,NA,NA,NA,NA,NA,50.24,0.96,268.63,NA,NA,148.20,743.09,-0.29
2025-10-19 00:00:00,88.19,156.88,33.26,17.72,46.56,42.01,5.72,0.92,25.46,3.86,NA,NA,NA,NA,NA,NA,53.60,1.02,185.95,NA,NA,165.17,742.43,-0.12
2025-10-20 00:00:00,114.31,179.62,33.91,17.11,46.25,41.52,6.74,0.95,25.45,3.86,NA,NA,NA,NA,NA,NA,54.76,0.98,179.33,NA,NA,157.41,743.13,-0.27
2025-10-21 00:00:00,248.44,310.24,70.13,27.53,74.71,65.64,5.69,1.48,25.55,3.84,NA,NA,NA,NA,NA,NA,59.30,0.92,193.26,NA,NA,154.27,744.45,-0.64
2025-10-22 00:00:00,95.79,206.71,32.13,47.00,45.05,40.37,7.59,1.57,25.56,3.84,NA,NA,NA,NA,NA,NA,58.22,0.89,271.79,NA,NA,136.34,744.41,-0.56
2025-10-23 00:00:00,104.18,225.78,33.85,46.38,46.91,42.36,4.39,1.53,25.23,3.84,NA,NA,NA,NA,NA,NA,56.62,0.87,260.74,NA,NA,137.85,743.28,-0.63
2025-10-24 00:00:00,94.59,215.43,30.77,46.14,44.32,39.39,4.29,1.55,25.72,3.87,NA,NA,NA,NA,NA,NA,51.40,0.84,187.04,NA,NA,170.73,743.21,-0.52
2025-10-25 00:00:00,87.98,203.86,33.63,44.95,45.84,40.71,5.03,1.54,25.40,3.85,NA,NA,NA,NA,NA,NA,40.97,0.95,125.10,NA,NA,153.20,743.27,-0.08
2025-10-26 00:00:00,86.69,205.36,33.06,44.66,45.38,40.08,5.98,1.51,25.42,3.86,NA,NA,NA,NA,NA,NA,40.98,0.98,67.54,NA,NA,152.89,744.23,0.03
2025-10-27 00:00:00,94.25,217.39,32.71,45.11,45.13,40.01,4.70,1.50,25.61,3.83,NA,NA,NA,NA,NA,NA,55.03,1.00,151.44,NA,NA,81.07,745.31,-0.38
2025-10-28 00:00:00,51.96,132.04,29.53,45.07,42.66,37.24,5.71,1.51,25.36,3.84,NA,NA,NA,NA,NA,NA,79.95,1.29,67.17,NA,NA,464.58,746.23,1.09
2025-10-29 00:00:00,33.33,78.55,25.50,48.96,40.11,37.83,4.19,1.08,23.67,3.88,NA,NA,NA,NA,NA,NA,68.77,1.24,82.14,NA,NA,157.81,743.48,1.21
2025-10-30 00:00:00,39.26,77.06,24.27,56.20,42.03,42.68,6.49,0.62,25.42,3.86,NA,NA,NA,NA,NA,NA,91.33,1.98,62.35,NA,NA,490.92,743.48,-0.13
2025-10-31 00:00:00,16.80,41.69,22.43,41.37,40.25,40.11,5.05,0.51,25.65,3.86,NA,NA,NA,NA,NA,NA,90.83,1.07,98.57,NA,NA,169.09,741.65,-0.11
2025-11-01 00:00:00,40.18,88.07,21.54,35.65,39.38,39.12,5.19,0.49,25.42,3.85,NA,NA,NA,NA,NA,NA,82.29,0.96,287.26,NA,NA,150.15,742.26,-3.33
2025-11-02 00:00:00,76.57,128.65,20.50,34.65,37.97,37.11,5.09,0.53,25.48,3.87,NA,NA,NA,NA,NA,NA,66.80,1.26,281.04,NA,NA,131.46,742.02,-2.64
2025-11-03 00:00:00,106.99,160.86,23.05,35.78,40.37,40.31,5.03,0.52,24.63,3.83,NA,NA,NA,NA,NA,NA,60.04,1.33,270.68,NA,NA,116.05,740.79,0.03
2025-11-04 00:00:00,94.69,173.97,19.23,33.86,36.15,34.97,6.36,0.60,25.18,3.86,NA,NA,NA,NA,NA,NA,56.52,1.00,252.29,NA,NA,135.81,741.18,-0.33
2025-11-05 00:00:00,130.08,191.00,15.26,23.92,27.71,21.90,6.14,0.54,24.83,3.87,NA,NA,NA,NA,NA,NA,61.63,0.89,255.72,NA,NA,142.04,740.42,-0.58
2025-11-06 00:00:00,75.88,131.11,14.04,27.78,29.20,24.87,4.47,0.50,25.50,3.84,NA,NA,NA,NA,NA,NA,53.86,1.19,291.03,NA,NA,144.84,742.94,-0.12
2025-11-07 00:00:00,84.11,153.09,17.86,37.23,37.18,37.05,5.45,0.52,25.19,3.89,NA,NA,NA,NA,NA,NA,38.37,1.33,276.02,NA,NA,137.43,745.97,0.59
2025-11-08 00:00:00,112.86,190.56,18.36,38.13,38.14,38.47,5.63,0.49,25.47,3.85,NA,NA,NA,NA,NA,NA,43.61,1.15,287.25,NA,NA,143.97,746.67,0.30
2025-11-09 00:00:00,117.47,205.51,23.08,42.08,43.12,46.78,3.52,0.65,23.36,3.88,NA,NA,NA,NA,NA,NA,42.66,1.14,286.78,NA,NA,137.04,745.53,0.31
2025-11-10 00:00:00,113.47,175.87,19.07,37.64,38.34,38.59,5.96,0.51,24.98,3.85,NA,NA,NA,NA,NA,NA,44.11,0.97,273.96,NA,NA,136.65,745.44,0.11
2025-11-11 00:00:00,99.42,173.64,19.91,40.93,40.78,42.47,5.35,0.37,25.60,3.85,NA,NA,NA,NA,NA,NA,40.10,1.16,287.93,NA,NA,142.29,746.37,0.38
2025-11-12 00:00:00,119.95,178.37,21.09,43.41,43.07,45.90,5.20,0.51,25.53,3.85,NA,NA,NA,NA,NA,NA,38.17,1.17,289.62,NA,NA,131.33,747.63,0.49
2025-11-13 00:00:00,122.28,185.21,26.94,44.70,46.13,52.21,4.98,0.64,25.38,3.85,NA,NA,NA,NA,NA,NA,39.88,1.00,294.65,NA,NA,128.53,749.70,0.30
2025-11-14 00:00:00,127.31,195.81,22.08,45.19,44.75,48.41,6.72,0.57,25.10,3.88,NA,NA,NA,NA,NA,NA,38.75,0.98,296.97,NA,NA,128.89,750.03,0.25
2025-11-15 00:00:00,90.25,170.73,28.70,45.99,49.97,55.33,4.44,0.65,25.43,3.87,NA,NA,NA,NA,NA,NA,45.04,0.87,276.62,NA,NA,116.26,751.13,0.26
2025-11-16 00:00:00,92.52,293.97,24.68,44.42,46.09,49.90,9.57,0.61,25.62,3.87,NA,NA,NA,NA,NA,NA,51.07,0.86,275.99,NA,NA,137.06,752.67,-0.04
2025-11-17 00:00:00,79.48,205.23,20.82,38.46,40.24,41.79,5.41,0.54,25.36,3.84,NA,NA,NA,NA,NA,NA,51.98,0.92,205.19,NA,NA,140.20,752.17,0.14
2025-11-18 00:00:00,78.01,168.11,23.75,39.04,42.68,44.44,4.60,0.45,25.45,3.86,NA,NA,NA,NA,NA,NA,49.44,0.87,251.28,NA,NA,138.93,749.36,-0.01
2025-11-19 00:00:00,122.30,187.41,41.95,44.98,58.87,65.44,5.73,0.64,25.20,3.84,NA,NA,NA,NA,NA,NA,57.73,1.11,195.93,NA,NA,121.37,748.56,0.41
2025-11-20 00:00:00,101.27,203.53,21.92,35.80,39.77,39.59,5.05,0.42,25.16,3.83,NA,NA,NA,NA,NA,NA,62.04,0.92,231.99,NA,NA,124.09,750.65,-0.70
2025-11-21 00:00:00,86.83,160.60,19.25,39.23,39.41,40.43,9.45,0.53,25.48,3.87,NA,NA,NA,NA,NA,NA,65.04,0.95,264.48,NA,NA,123.03,751.87,-0.51
2025-11-22 00:00:00,84.14,235.60,14.40,31.26,31.37,28.48,7.56,0.48,25.40,3.83,NA,NA,NA,NA,NA,NA,64.07,0.87,288.10,NA,NA,118.20,749.45,-0.38
2025-11-23 00:00:00,82.10,199.20,17.10,37.40,36.72,37.19,6.40,0.56,25.60,3.84,NA,NA,NA,NA,NA,NA,61.41,0.92,282.05,NA,NA,113.11,749.37,-0.21
2025-11-24 00:00:00,94.83,204.52,29.76,44.16,49.70,56.18,9.02,0.43,23.94,3.88,NA,NA,NA,NA,NA,NA,53.51,0.80,230.30,NA,NA,116.05,751.15,0.02
2025-11-25 00:00:00,118.95,179.48,28.37,42.56,48.45,51.67,5.64,0.45,25.18,3.84,NA,NA,NA,NA,NA,NA,52.67,0.92,288.28,NA,NA,114.37,750.96,0.28
2025-11-26 00:00:00,105.82,174.47,26.70,44.19,47.97,51.74,7.13,0.55,25.40,3.85,NA,NA,NA,NA,NA,NA,49.20,0.85,258.33,NA,NA,118.09,751.49,0.57
2025-11-27 00:00:00,110.70,159.92,27.34,44.65,48.73,52.68,8.58,0.50,25.36,3.85,NA,NA,NA,NA,NA,NA,52.79,0.88,212.29,NA,NA,127.63,752.81,0.53
2025-11-28 00:00:00,74.91,118.28,19.87,41.38,41.03,42.70,6.40,0.50,25.32,3.87,NA,NA,NA,NA,NA,NA,50.12,0.95,293.47,NA,NA,124.66,750.78,0.55
2025-11-29 00:00:00,66.70,104.35,21.74,42.55,43.03,45.61,5.92,0.53,25.43,3.85,NA,NA,NA,NA,NA,NA,46.52,1.20,221.37,NA,NA,113.94,748.32,0.74
2025-11-30 00:00:00,73.72,154.52,21.20,40.40,41.60,43.24,6.34,0.59,25.38,3.84,NA,NA,NA,NA,NA,NA,44.70,1.12,285.17,NA,NA,117.37,747.42,0.74
2025-12-01 00:00:00,78.83,164.46,22.18,41.18,42.76,44.82,6.73,0.47,25.52,3.89,NA,NA,NA,NA,NA,NA,41.59,1.03,293.54,NA,NA,116.56,747.81,0.58
2025-12-02 00:00:00,104.97,175.89,22.08,41.14,42.69,44.76,6.78,0.51,25.49,3.87,NA,NA,NA,NA,NA,NA,42.38,1.04,262.42,NA,NA,117.03,747.72,0.53
2025-12-03 00:00:00,120.52,207.91,23.13,46.76,46.45,50.90,5.62,0.43,25.60,3.89,NA,NA,NA,NA,NA,NA,55.52,0.95,300.61,NA,NA,110.57,750.77,0.46
2025-12-04 00:00:00,80.49,151.52,19.11,39.39,39.10,40.63,6.66,0.54,23.71,3.86,NA,NA,NA,NA,NA,NA,43.54,1.14,296.99,NA,NA,111.13,752.05,0.91
2025-12-05 00:00:00,84.07,152.34,19.34,38.27,39.00,39.71,8.07,0.51,25.48,3.87,NA,NA,NA,NA,NA,NA,40.46,1.07,296.85,NA,NA,115.22,754.35,0.96
2025-12-06 00:00:00,122.31,201.45,22.16,43.12,43.79,47.03,8.66,0.65,25.37,3.84,NA,NA,NA,NA,NA,NA,52.27,1.13,282.10,NA,NA,105.66,752.42,0.91
2025-12-07 00:00:00,114.54,197.95,20.25,42.39,41.84,44.92,8.56,0.62,25.35,3.88,NA,NA,NA,NA,NA,NA,53.25,1.05,291.44,NA,NA,106.09,751.85,0.80
2025-12-08 00:00:00,106.87,183.82,21.30,41.05,41.99,44.62,8.46,0.59,25.47,3.84,NA,NA,NA,NA,NA,NA,57.94,1.09,288.39,NA,NA,105.33,751.04,-0.13
2025-12-09 00:00:00,86.43,152.93,19.69,40.99,40.68,42.89,7.94,0.64,25.18,3.87,NA,NA,NA,NA,NA,NA,48.38,1.26,291.01,NA,NA,104.65,750.28,0.24
2025-12-10 00:00:00,95.43,160.75,22.10,42.39,43.22,46.31,8.39,0.72,24.81,3.88,NA,NA,NA,NA,NA,NA,53.26,1.02,287.63,NA,NA,100.97,751.24,0.61
2025-12-11 00:00:00,125.94,225.74,21.00,41.39,41.95,44.93,9.02,0.55,25.20,3.86,NA,NA,NA,NA,NA,NA,66.08,1.01,292.42,NA,NA,101.81,749.83,0.17
2025-12-12 00:00:00,168.60,262.03,23.90,42.94,45.01,49.21,10.80,0.55,25.50,3.87,NA,NA,NA,NA,NA,NA,77.07,0.90,230.80,NA,NA,113.95,748.94,-0.82
2025-12-13 00:00:00,175.78,285.67,26.15,44.39,47.01,51.20,11.73,0.59,25.33,3.91,NA,NA,NA,NA,NA,NA,74.18,0.94,149.40,NA,NA,205.26,750.71,-2.27
2025-12-14 00:00:00,173.82,339.02,22.72,44.71,44.72,48.47,6.12,0.49,25.24,3.85,NA,NA,NA,NA,NA,NA,71.68,0.88,205.45,NA,NA,169.37,751.95,-0.94
2025-12-15 00:00:00,94.84,176.35,17.61,38.31,37.62,38.15,5.57,0.96,25.37,3.84,NA,NA,NA,NA,NA,NA,73.79,1.05,244.82,NA,NA,130.81,751.56,-0.74
2025-12-16 00:00:00,100.27,213.23,15.86,36.28,35.16,34.74,5.62,0.98,25.50,3.87,NA,NA,NA,NA,NA,NA,92.33,0.95,220.99,NA,NA,160.19,750.24,-2.03
2025-12-17 00:00:00,112.95,210.60,15.40,34.46,33.83,32.66,6.17,1.00,25.42,3.85,NA,NA,NA,NA,NA,NA,94.99,0.76,247.49,NA,NA,123.91,751.85,-2.78
2025-12-18 00:00:00,108.88,198.79,14.52,32.70,32.22,30.20,6.15,1.00,25.34,3.83,NA,NA,NA,NA,NA,NA,87.63,0.85,217.94,NA,NA,119.09,752.09,0.12
2025-12-19 00:00:00,85.16,154.98,14.60,32.13,31.99,29.82,5.40,1.00,25.56,3.82,NA,NA,NA,NA,NA,NA,95.30,1.10,241.46,NA,NA,186.40,750.43,-1.43
2025-12-20 00:00:00,112.12,186.68,15.03,32.50,32.51,30.53,9.09,0.95,25.43,3.86,NA,NA,NA,NA,NA,NA,90.84,1.06,125.33,NA,NA,103.80,749.85,-0.06
2025-12-21 00:00:00,121.72,206.51,15.63,32.29,32.35,30.40,5.68,1.04,22.19,3.89,NA,NA,NA,NA,NA,NA,88.25,0.91,143.99,NA,NA,90.84,751.69,0.48
2025-12-22 00:00:00,128.36,232.84,15.29,33.34,33.16,31.51,6.99,1.03,25.49,3.87,NA,NA,NA,NA,NA,NA,87.78,0.94,240.44,NA,NA,202.09,751.15,-0.07
2025-12-23 00:00:00,88.01,202.33,10.76,31.52,27.28,25.21,5.72,0.88,22.87,3.92,NA,NA,NA,NA,NA,NA,89.84,1.12,279.59,NA,NA,339.88,748.22,-0.21
2025-12-24 00:00:00,101.26,144.01,7.63,31.30,25.72,19.80,7.48,1.00,25.35,3.85,NA,NA,NA,NA,NA,NA,85.22,0.89,268.25,NA,NA,138.77,748.62,-0.04
2025-12-25 00:00:00,101.91,148.97,7.63,31.05,25.65,28.20,7.61,0.96,25.16,3.85,NA,NA,NA,NA,NA,NA,83.46,0.90,273.15,NA,NA,301.30,750.40,-0.12
2025-12-26 00:00:00,99.23,158.07,7.44,29.82,24.83,26.85,5.86,1.00,25.47,3.86,NA,NA,NA,NA,NA,NA,94.34,0.87,239.44,NA,NA,171.53,750.80,0.17
2025-12-27 00:00:00,93.38,128.79,12.73,24.90,26.62,26.86,6.26,1.04,25.66,3.84,NA,NA,NA,NA,NA,NA,93.18,0.87,205.40,NA,NA,93.73,750.68,0.57
2025-12-28 00:00:00,90.32,155.41,19.58,16.51,27.80,24.64,6.20,0.97,25.46,3.86,NA,NA,NA,NA,NA,NA,94.00,0.93,268.30,NA,NA,117.84,751.92,0.19
2025-12-29 00:00:00,101.98,175.24,20.17,16.79,28.36,25.47,7.98,1.03,25.45,3.84,NA,NA,NA,NA,NA,NA,87.16,0.94,248.76,NA,NA,109.03,751.76,0.65
2025-12-30 00:00:00,128.23,218.85,20.51,18.20,29.43,27.08,6.27,1.00,25.45,3.85,NA,NA,NA,NA,NA,NA,85.86,1.05,260.53,NA,NA,168.63,748.33,0.41
2025-12-31 00:00:00,159.49,262.70,20.72,18.76,29.75,27.92,8.76,1.04,25.53,3.88,NA,NA,NA,NA,NA,NA,92.45,1.52,105.45,NA,NA,153.79,746.98,0.86
